{"f1_score": 0.763060561814922, "log_loss": 0.42391370308699816, "precision": 0.5102040816326531, "recall": 0.05711022272986865, "roc_auc_score": 0.7078775413927957}